external_id,name,tipo_equipo,marca,model,serial_no,motor,note,placa,anio,localizacion,codigo_activo,tipo_activo
Equipo_1,4-01-001,AMBULANCIA.,TOYOTA,LAND CRUISER,HJ45LV-KC,H-90694,REGULAR,830451,1981,,401001,VEHICULOS-TRANSPORTE
Equipo_2,4-01-003,MICROBUS,HYUNDAI,HI MINI BUS,KMJWA37HACU347759,D4BHB014367,BUENA,726463,2011,,401003,VEHICULOS-TRANSPORTE
Equipo_3,4-01-004,MICROBUS,SUZUKI,,S-003,S/N,BUENA,823969,,,401004,VEHICULOS-TRANSPORTE
Equipo_4,4-01-005,CAMIONETA,TOYOTA,LAND CRUISER,S-004,S/N,BUENA,375714,,,401005,VEHICULOS-TRANSPORTE
Equipo_5,4-02-036,ARCOS ELECTR.,,,S-005,S/N,,SP,,,402036,VEHICULOS-TRANSPORTE
Equipo_6,4-02-037,ARCOS ELECTR.,MILLER,BOB CAT 225D,S-006,DEUTZ 150,BUENA,SP,,,402037,VEHICULOS-TRANSPORTE
Equipo_7,4-02-038,ARCOS ELECTR.,,,S-007,GASOLINA,,SP,,,402038,VEHICULOS-TRANSPORTE
Equipo_8,4-02-039,ARCOS ELECTR.,,,S-008,GASOLINA,,SP,,,402039,VEHICULOS-TRANSPORTE
Equipo_9,4-02-040,ARCOS ELECTR.,,,S-009,ELECX,,SP,,,402040,VEHICULOS-TRANSPORTE
Equipo_10,4-02-041,ARCOS ELECTR.,,,S-010,ELEC,,SP,,,402041,VEHICULOS-TRANSPORTE
Equipo_11,4-02-042,ARCOS ELECTR.,,,S-011,GASOLINA,,SP,,,402042,VEHICULOS-TRANSPORTE
Equipo_12,4-03-007,CICLONA,MFC,,S-012,NO TIENE,BUENA,SP,,,403007,VEHICULOS-TRANSPORTE
Equipo_13,4-03-010,ABONADORA,,,S-013,NO TIENE,,SP,,,403010,VEHICULOS-TRANSPORTE
Equipo_14,4-03-011,ABONADORA,,,S-014,NO TIENE,,SP,,,403011,VEHICULOS-TRANSPORTE
Equipo_15,4-03-015,ABONADORA,,SACN L-T,0306-5099,NO TIENE,,SP,,,403015,VEHICULOS-TRANSPORTE
Equipo_16,4-03-017,ABONADORA,,,S-016,NO TIENE,,SP,,,403017,VEHICULOS-TRANSPORTE
Equipo_17,4-03-019,ABONADORA,,2010,SURCAAB008,NO TIENE,BUENA,SP,2007,,403019,VEHICULOS-TRANSPORTE
Equipo_18,4-03-020,ABONADORA,,,S-018,S/N,,SP,,,403020,VEHICULOS-TRANSPORTE
Equipo_19,4-03-021,ABONADORA,,,S-019,S/N,,SP,,,403021,VEHICULOS-TRANSPORTE
Equipo_20,4-03-022,ABONADORA,,,S-020,S/N,,SP,,,403022,VEHICULOS-TRANSPORTE
Equipo_21,4-03-023,ABONADORA,,,S-021,S/N,,SP,,,403023,VEHICULOS-TRANSPORTE
Equipo_22,4-03-025,ABONADORA,,,S-022,S/N,,SP,,,403025,VEHICULOS-TRANSPORTE
Equipo_23,4-03-026,ABONADORA,,,S-023,S/N,,SP,,,403026,VEHICULOS-TRANSPORTE
Equipo_24,4-04-014,MOTOBOMBA,RAIMBOW,9000,9711,S/N,BUENA,SP,,,404014,VEHICULOS-TRANSPORTE
Equipo_25,4-04-015,MOTOBOMBA,,,9709,S/N,BUENA,SP,,,404015,VEHICULOS-TRANSPORTE
Equipo_26,4-04-016,MOTOBOMBA,,,S-026,S/N,BUENA,SP,,,404016,VEHICULOS-TRANSPORTE
Equipo_27,4-04-017,MOTOBOMBA,,,S-027,S/N,BUENA,SP,,,404017,VEHICULOS-TRANSPORTE
Equipo_28,4-04-018,MOTOBOMBA,,,S-028,S/N,,SP,,,404018,VEHICULOS-TRANSPORTE
Equipo_29,4-04-019,MOTOBOMBA,,,S-029,S/N,,SP,,,404019,VEHICULOS-TRANSPORTE
Equipo_30,4-05-001,APLIC. CACHAZA,DRIA,,S-030,S/N,BUENA,SP,,,405001,VEHICULOS-TRANSPORTE
Equipo_31,4-05-002,APLIC. CACHAZA,,,S-031,S/N,,SP,,,405002,VEHICULOS-TRANSPORTE
Equipo_32,4-06-001,BOMBA FUMIG.,JACTO,AM 12,2001,S/N,BUENA,SP,,,406001,VEHICULOS-TRANSPORTE
Equipo_33,4-06-002,BOMBA FUMIG.,JACTO,AM-14,310490,S/N,,SP,,,406002,VEHICULOS-TRANSPORTE
Equipo_34,4-06-003,BOMBA FUMIG.,,,S-034,S/N,,SP,,,406003,VEHICULOS-TRANSPORTE
Equipo_35,4-06-004,BOMBA FUMIG.,,,S-035,S/N,,SP,,,406004,VEHICULOS-TRANSPORTE
Equipo_36,4-06-005,BOMBA FUMIG.,,,S-036,S/N,,SP,,,406005,VEHICULOS-TRANSPORTE
Equipo_37,4-06-006,BOMBA FUMIG.,,,S-037,S/N,,SP,,,406006,VEHICULOS-TRANSPORTE
Equipo_38,4-06-007,BOMBA FUMIG.,,,S-038,S/N,,SP,,,406007,VEHICULOS-TRANSPORTE
Equipo_39,4-08003,TANQUE AGUA/C. MOT,,,S-039,S/N,,SP,,,408003,VEHICULOS-TRANSPORTE
Equipo_40,4-08-004,TANQUE AGUA/C. MOT,,,S-040,S/N,BUENA ,SP,,,408004,VEHICULOS-TRANSPORTE
Equipo_41,4-08-005,TANQUE AGUA/C. MOT,,,S-041,S/N,BUENA ,SP,,,408005,VEHICULOS-TRANSPORTE
Equipo_42,4-08-006,TANQUE AGUA/C. MOT,,,S-042,S/N,,SP,,,408006,VEHICULOS-TRANSPORTE
Equipo_43,4-08-007,TANQUE AGUA/C. MOT,,,S-043,S/N,,SP,,,408007,VEHICULOS-TRANSPORTE
Equipo_44,4-10-002,AUTOBUS,INTERNATIONAL,3800,HTBBAANISH215218,S/N,BUENA ,830710,1995,,410002,VEHICULOS-TRANSPORTE
Equipo_45,4-10-003,AUTOBUS,INTERNATIONAL,3800,HVBBAANASH682379,S/N,BUENA ,830709,1995,,410003,VEHICULOS-TRANSPORTE
Equipo_46,4-10-019,AUTOBUS,INTERNATIONAL,,3726538006C2920N,S/N,BUENA,830455,1981,,410019,VEHICULOS-TRANSPORTE
Equipo_47,4-10-021,AUTOBUS,INTERNATIONAL,,1HVLNGM1FH41847,S/N,BUENA,SP,1991,,410021,VEHICULOS-TRANSPORTE
Equipo_48,4-10-022,AUTOBUS,FORD,,1FDXB80C2TVAC2546,S/N,BUENA,830449,1996,,410022,VEHICULOS-TRANSPORTE
Equipo_49,4-11-001,COMPRESOR,LISTER,BS649,7278LT129-09,S/N,BUENA,SP,1976,,411001,VEHICULOS-TRANSPORTE
Equipo_50,4-11-004,COMPRESOR,WESTINGHOUSE,K238,1332069,S/N,BUENA,SP,1976,,411004,VEHICULOS-TRANSPORTE
Equipo_51,4-11-005,COMPRESOR,WISCONSIN,,5631694,S/N,BUENA,SP,1976,,411005,VEHICULOS-TRANSPORTE
Equipo_52,4-11-007,COMPRESOR,WISCONSIN,,5831373,S/N,BUENA,SP,1976,,411007,VEHICULOS-TRANSPORTE
Equipo_53,4-11-008,COMPRESOR,QUINCY,,323-15-U,S/N,BUENA,SP,1976,,411008,VEHICULOS-TRANSPORTE
Equipo_54,4-11-009,COMPRESOR,WISCONSIN,,5631696,S/N,BUENA,SP,1976,,411009,VEHICULOS-TRANSPORTE
Equipo_55,4-11-011,COMPRESOR,QUINCY,VT-3169-106,3251621164,S/N,BUENA,SP,1976,,411011,VEHICULOS-TRANSPORTE
Equipo_56,4-11-014,COMPRESOR,WISCONSIN,,15825,S/N,BUENA,SP,1976,,411014,VEHICULOS-TRANSPORTE
Equipo_57,4-15-402,PLANTA ENGR.,CAMECO,,S-057,S/N,BUENA,SP,1977,,415402,VEHICULOS-TRANSPORTE
Equipo_58,4-15-403,PLANTA ENGR.,CAMECO,,S-058,S/N,BUENA,SP,1977,,415403,VEHICULOS-TRANSPORTE
Equipo_59,4-15-404,PLANTA ENGR.,CAMECO,,S-059,S/N,BUENA,SP,1977,,415404,VEHICULOS-TRANSPORTE
Equipo_60,4-15-405,PLANTA ENGR.,CAMECO,,S-060,S/N,BUENA,SP,1976,,415405,VEHICULOS-TRANSPORTE
Equipo_61,4-15-406,PLANTA ENGR.,CAMECO,,S-061,S/N,BUENA,SP,1976,,415406,VEHICULOS-TRANSPORTE
Equipo_62,4-15-407,PLANTA ENGR.,CAMECO,,S-062,S/N,BUENA,SP,1976,,415407,VEHICULOS-TRANSPORTE
Equipo_63,4-15-408,PLANTA ENGR.,,,S-063,S/N,,SP,,,415408,VEHICULOS-TRANSPORTE
Equipo_64,4-16-001,BOB CAT,,,S-064,S/N,,SP,,,416001,VEHICULOS-TRANSPORTE
Equipo_65,4-16-002,PAY LAOADER,,,S-065,S/N,,SP,,,416002,VEHICULOS-TRANSPORTE
Equipo_66,4-16-003,PAY LAOADER,,,S-066,S/N,,SP,,,416003,VEHICULOS-TRANSPORTE
Equipo_67,4-16-004,PAY LAOADER,,,S-067,S/N,,SP,,,416004,VEHICULOS-TRANSPORTE
Equipo_68,4-16-005,CANE STACKER,,,S-068,S/N,,SP,,,416005,VEHICULOS-TRANSPORTE
Equipo_69,4-16-006,CANE STACKER,,,S-069,S/N,,SP,,,416006,VEHICULOS-TRANSPORTE
Equipo_70,4-16-007,BOB CAT,,,S-070,S/N,,SP,,,416007,VEHICULOS-TRANSPORTE
Equipo_71,4-16-009,PAY LAOADER,,,S-071,S/N,,SP,,,416009,VEHICULOS-TRANSPORTE
Equipo_72,4-16-010,CANE STACKER,,,S-072,S/N,,SP,,,416010,VEHICULOS-TRANSPORTE
Equipo_73,4-16-011,PAY LAOADER,,,S-073,S/N,,SP,,,416011,VEHICULOS-TRANSPORTE
Equipo_74,4-16-012,PAY LAOADER,,,S-074,S/N,,SP,,,416012,VEHICULOS-TRANSPORTE
Equipo_75,4-21-001,CORTADORA DE CAÑA,,,S-075,S/N,Chatarreada,SP,,,421001,VEHICULOS-TRANSPORTE
Equipo_76,4-21-002,CORTADORA DE CAÑA,,,S-076,S/N,Chatarreada,SP,,,421002,VEHICULOS-TRANSPORTE
Equipo_77,4-21-003,CORTADORA DE CAÑA,,,S-077,S/N,Chatarreada,SP,,,421003,VEHICULOS-TRANSPORTE
Equipo_78,4-21-004,CORTADORA DE CAÑA,,,S-078,S/N,Chatarreada,SP,,,421004,VEHICULOS-TRANSPORTE
Equipo_79,4-22-001,COSECHADORA COMBINADA.,CASE INTERNAT.,AUSTOFT 7700,6H9F79047W2EY4084,6HZ2670,Chatarreada,SP,1998,,422001,VEHICULOS-TRANSPORTE
Equipo_80,4-22-002,COSECHADORA COMBINADA.,CASE INTERNAT.,AUSTOFT 7700,6H9F79178X2EY4080,6HZ29508,Chatarreada,SP,1999,,422002,VEHICULOS-TRANSPORTE
Equipo_81,4-22-003,COSECHADORA COMBINADA.,CASE INTERNAT.,AUSTOFT 7700,6H9F79177X2EY4079,6HZ29510,Chatarreada,SP,1999,,422003,VEHICULOS-TRANSPORTE
Equipo_82,4-22-004,COSECHADORA COMBINADA.,CASE INTERNAT.,AUSTOFT 7700,S-082,S/N,Regular,SP,2008,,422004,VEHICULOS-TRANSPORTE
Equipo_83,4-22-005,COSECHADORA COMBINADA.,CASE INTERNAT.,AUSTOFT 7700,S-083,S/N,BUENA,SP,,,422005,VEHICULOS-TRANSPORTE
Equipo_84,4-22-006,COSECHADORA COMBINADA.,CASE INTERNAT.,,S-084,S/N,BUENA,SP,,,422006,VEHICULOS-TRANSPORTE
Equipo_85,4-22-007,COSECHADORA COMBINADA.,CASE INTERNAT.,,S-085,S/N,BUENA,SP,,,422007,VEHICULOS-TRANSPORTE
Equipo_86,4-22-008,COSECHADORA COMBINADA.,CASE INTERNAT.,,S-086,S/N,BUENA,SP,,,422008,VEHICULOS-TRANSPORTE
Equipo_87,4-22-009,COSECHADORA COMBINADA.,CASE INTERNAT.,,S-087,S/N,BUENA,SP,,,422009,VEHICULOS-TRANSPORTE
Equipo_88,4-22-010,COSECHADORA COMBINADA.,CASE INTERNAT.,,S-088,S/N,BUENA,SP,,,422010,VEHICULOS-TRANSPORTE
Equipo_89,4-22-011,COSECHADORA COMBINADA.,CASE INTERNAT.,,S-089,S/N,BUENA,SP,,,422011,VEHICULOS-TRANSPORTE
Equipo_90,4-22-012,COSECHADORA COMBINADA.,CASE INTERNAT.,,S-090,S/N,BUENA,SP,,,422012,VEHICULOS-TRANSPORTE
Equipo_91,4-22-013,COSECHADORA COMBINADA.,CASE INTERNAT.,,S-091,S/N,BUENA,SP,,,422013,VEHICULOS-TRANSPORTE
Equipo_92,4-24-007,CAMION V.,INTERNATIONAL,A15,S-092,467TM2U128767,REGULAR,830460,1980,,424007,VEHICULOS-TRANSPORTE
Equipo_93,4-27-064,PICK UP,ISUZU ,KB DIESEL,JAATFR54HV9102972,344635,BUENA,830434,1997,,427064,VEHICULOS-TRANSPORTE
Equipo_94,4-27-069,PICK UP,TOYOTA,HI LUX,JTFDE626400050768,3L5008205,BUENA,236607,2001,,427069,VEHICULOS-TRANSPORTE
Equipo_95,4-27-070,PICK UP,TOYOTA,HI LUX,JFTDE626500050763,3L5008991,BUENA,SP,2001,,427070,VEHICULOS-TRANSPORTE
Equipo_96,4-27-075,PICK UP,TOYOTA,HI LUX,314810062,IN1660031885,BUENA,804899,2000,,427075,VEHICULOS-TRANSPORTE
Equipo_97,4-27-076,PICK UP,TOYOTA,HI LUX,S-097,3L4356930,BUENA,363551,1998,,427076,VEHICULOS-TRANSPORTE
Equipo_98,4-27-078,PICK UP,ISUZU,KB TFR54H-00,JAATFR54HY7100190,641985,BUENA,365318,2000,,427078,VEHICULOS-TRANSPORTE
Equipo_99,4-27-081,PICK UP D/CAB.,TOYOTA,HI LUX,S-099,S/N,,847822,,,427081,VEHICULOS-TRANSPORTE
Equipo_100,4-27-083,PICK UP ,,,S-100,S/N,,772397,,,427083,VEHICULOS-TRANSPORTE
Equipo_101,4-27-085,PICK UP ,ISUZU,,S-101,S/N,BUENA,830741,2012,,427085,VEHICULOS-TRANSPORTE
Equipo_102,4-27-086,PICK UP ,ISUZU,,S-102,S/N,BUENA,830742,2012,,427086,VEHICULOS-TRANSPORTE
Equipo_103,4-27-087,PICK UP D/CAB.,ISUZU,,S-103,S/N,BUENA,830744,2012,,427087,VEHICULOS-TRANSPORTE
Equipo_104,4-27-088,PICK UP ,ISUZU,,S-104,S/N,BUENA,830743,2012,,427088,VEHICULOS-TRANSPORTE
Equipo_105,4-27-089,PICK UP ,,,S-105,S/N,,831958,,,427089,VEHICULOS-TRANSPORTE
Equipo_106,4-27-090,PICK UP ,,,S-106,S/N,,831957,,,427090,VEHICULOS-TRANSPORTE
Equipo_107,4-27-091,PICK UP ,,,S-107,S/N,,830757,,,427091,VEHICULOS-TRANSPORTE
Equipo_108,4-27-092,HATCHBACK,HYUNDAI,,S-108,S/N,BUENA,BC0569,,,427092,VEHICULOS-TRANSPORTE
Equipo_109,4-27-093,PICK UP ,,,S-109,S/N,,BB3106,,,427093,VEHICULOS-TRANSPORTE
Equipo_110,4-27-094,PICK UP ,,,S-110,S/N,,BA1013,,,427094,VEHICULOS-TRANSPORTE
Equipo_111,4-27-095,PICK UP ,ISUZU,,S-111,S/N,BUENA,BB3107,,,427095,VEHICULOS-TRANSPORTE
Equipo_112,4-27-096,PICK UP ,ISUZU,,S-112,S/N,BUENA,BB3108,,,427096,VEHICULOS-TRANSPORTE
Equipo_113,4-27-097,PICK UP ,,,S-113,S/N,,SP,,,427097,VEHICULOS-TRANSPORTE
Equipo_114,4-27-098,PICK UP ,,,S-114,S/N,,SP,,,427098,VEHICULOS-TRANSPORTE
Equipo_115,4-27-099,PICK UP ,,,S-115,S/N,,SP,,,427099,VEHICULOS-TRANSPORTE
Equipo_116,4-29-001,VAGONETA,FONTAINE,,S-116,S/N,BUENA,SP,1978,,429001,VEHICULOS-TRANSPORTE
Equipo_117,4-29-003,VAGONETA,FONTAINE,C1236,TFT65197,S/N,BUENA,SP,1981,,429003,VEHICULOS-TRANSPORTE
Equipo_118,4-29-004,VAGONETA,FRUEHAUF,,S-118,S/N,BUENA,SP,1977,,429004,VEHICULOS-TRANSPORTE
Equipo_119,4-29-009,VAGONETA,FRUEHAUF,,S-119,S/N,BUENA,SP,1981,,429009,VEHICULOS-TRANSPORTE
Equipo_120,4-30-060,SEMBRADORA,CASE INT.,,S-120,S/N,BUENA,SP,,,430060,VEHICULOS-TRANSPORTE
Equipo_121,4-31-001,GRAB LOADER,CAMECO,SP 1800,1446,S/N,REGULAR,SP,1977,,431001,VEHICULOS-TRANSPORTE
Equipo_122,4-31-002,GRAB LOADER,CAMECO,SP 1800,S-122,S/N,,SP,,,431002,VEHICULOS-TRANSPORTE
Equipo_123,4-31-003,GRAB LOADER,CAMECO,SP 1800,S-123,S/N,REGULAR,SP,1977,,431003,VEHICULOS-TRANSPORTE
Equipo_124,4-31-005,GRAB LOADER,CAMECO,SP 1800,1467,S/N,REGULAR,SP,1977,,431005,VEHICULOS-TRANSPORTE
Equipo_125,4-31-006,GRAB LOADER,CAMECO,SP 1800,S-125,S/N,REGULAR,SP,,,431006,VEHICULOS-TRANSPORTE
Equipo_126,4-31-011,GRAB LOADER,CAMECO,SP 1800,S-126,3304PC2175,REGULAR,SP,1983,,431011,VEHICULOS-TRANSPORTE
Equipo_127,4-31-012,GRAB LOADER,CAMECO,SP 1800,S-127,3304PC2176,REGULAR,SP,1983,,431012,VEHICULOS-TRANSPORTE
Equipo_128,4-32-001,GRUA ,NISSAN TADANO,UD,10E05484,S/N,REGULAR,830459,1975,,432001,VEHICULOS-TRANSPORTE
Equipo_129,4-32-002,GRUA ORUGA,LINK BELT,,S-129,S/N,REGULAR,830461,,,432002,VEHICULOS-TRANSPORTE
Equipo_130,4-32-003,GRUA ,TEREK,,S-130,S/N,,SP,,,432003,VEHICULOS-TRANSPORTE
Equipo_131,4-35-001,LIMPIADOR,,,S-131,S/N,BUENA ,SP,1977,,435001,VEHICULOS-TRANSPORTE
Equipo_132,4-35-002,CULTIVADOR,,,S-132,S/N,MALA,SP,1977,,435002,VEHICULOS-TRANSPORTE
Equipo_133,4-35-004,LIMPIADOR,,,S-133,S/N,BUENA ,SP,1977,,435004,VEHICULOS-TRANSPORTE
Equipo_134,4-35-005,LIMPIADOR,MGB,,S-134,S/N,BUENA ,SP,,,435005,VEHICULOS-TRANSPORTE
Equipo_135,4-35-006,LIMPIADOR,MGB,,S-135,S/N,BUENA ,SP,,,435006,VEHICULOS-TRANSPORTE
Equipo_136,4-35-007,LIMPIADOR,MGB,,S-136,S/N,BUENA ,SP,,,435007,VEHICULOS-TRANSPORTE
Equipo_137,4-36-001,CAMA BAJA,LOW BAY,,S-137,S/N,REGULAR,SP,1976,,436001,VEHICULOS-TRANSPORTE
Equipo_138,4-36-002,CAMA BAJA,BIRMINGHAN,,S-138,S/N,REGULAR,SP,1976,,436002,VEHICULOS-TRANSPORTE
Equipo_139,4-36-003,CAMA ALTA,CAMECO,,S-139,S/N,BUENA ,SP,1981,,436003,VEHICULOS-TRANSPORTE
Equipo_140,4-36-004,CAMA ALTA,BIRMINGHAN,,S-140,S/N,BUENA ,SP,1981,,436004,VEHICULOS-TRANSPORTE
Equipo_141,4-36-005,CAMA BAJA,PROPIA,S/N,S-141,S/N,BUENA ,SP,,,436005,VEHICULOS-TRANSPORTE
Equipo_142,4-37-001,MOTONIVELADORA,CATERPILLAR,,S-142,S/N,,SP,,,437001,VEHICULOS-TRANSPORTE
Equipo_143,4-37-002,MOTONIVELADORA,CATERPILLAR,2-CG,87V1849,78P29003,BUENA,SP,1976,,437002,VEHICULOS-TRANSPORTE
Equipo_144,4-39-004,RASTRA,TOWNER,,CW425CF,S/N,REGULAR,SP,1976,,439004,VEHICULOS-TRANSPORTE
Equipo_145,4-39-006,RASTRA,ROME,,BW225AF,S/N,REGULAR,SP,1976,,439006,VEHICULOS-TRANSPORTE
Equipo_146,4-39-008,RASTRA,ROME,,BTAN1733,S/N,REGULAR,SP,1976,,439008,VEHICULOS-TRANSPORTE
Equipo_147,4-39-011,RASTRA,,,12TWC-709,S/N,REGULAR,SP,1976,,439011,VEHICULOS-TRANSPORTE
Equipo_148,4-39-012,RASTRA,ROME,,8TAW-1723,S/N,REGULAR,SP,1976,,439012,VEHICULOS-TRANSPORTE
Equipo_149,4-39-013,RASTRA,BALDAN,CRSGL,2402030029,N/T,BUENA,SP,,,439013,VEHICULOS-TRANSPORTE
Equipo_150,4-39-014,RASTRA,,,S-150,S/N,,SP,,,439014,VEHICULOS-TRANSPORTE
Equipo_151,4-41-001,RETROEXCAVADORA,CATAERPILLAR,416 C,4ZN18130,9RM03107,BUENA,SP,2000,,441001,VEHICULOS-TRANSPORTE
Equipo_152,4-41-002,MINI CARGADOR,,,S-152,S/N,,SP,,,441002,VEHICULOS-TRANSPORTE
Equipo_153,4-41-003,PALA,,,S-153,S/N,,SP,,,441003,VEHICULOS-TRANSPORTE
Equipo_154,4-46-001,TRANSPORTADOR,PHILADELPHIA,SHL2,516027,-,REGULAR,SP,1977,,446001,VEHICULOS-TRANSPORTE
Equipo_155,4-46-002,TRANSPORTADOR,PHILADELPHIA,SHL2,506028,-,REGULAR,SP,1977,,446002,VEHICULOS-TRANSPORTE
Equipo_156,4-47-001,TRITURADORA,BEAST,,S-156,S/N,,SP,,,447001,VEHICULOS-TRANSPORTE
Equipo_157,4-48-001,SURCADORES,RAMSEMES F.,-,S-157,-,REGULAR,SP,1976,,448001,VEHICULOS-TRANSPORTE
Equipo_158,4-48-002,SURCADORES,RAMSEMES F.,-,S-158,-,REGULAR,SP,1976,,448002,VEHICULOS-TRANSPORTE
Equipo_159,4-48-003,SURCADORES,RAMSEMES F.,-,S-159,-,REGULAR,SP,1976,,448003,VEHICULOS-TRANSPORTE
Equipo_160,4-48-004,SURCADORES,RAMSEMES F.,-,S-160,-,REGULAR,SP,1976,,448004,VEHICULOS-TRANSPORTE
Equipo_161,4-48-005,SURCADORES,RAMSEMES F.,-,S-161,-,REGULAR,SP,1976,,448005,VEHICULOS-TRANSPORTE
Equipo_162,4-48-006,APORCADOR,,,S-162,S/N,,SP,,,448006,VEHICULOS-TRANSPORTE
Equipo_163,4-49-032,MULA,INTERNATIONAL,COF9670,1HSRDDTR06HB21745,11349915,REGULAR,830461,1996,,449032,VEHICULOS-TRANSPORTE
Equipo_164,4-49-035,MULA,INTERNATIONAL,COF9670,1HSDJNR1GHB13292,11300480,REGULAR,SP,1996,,449035,VEHICULOS-TRANSPORTE
Equipo_165,4-49-037,MULA,INTERNATIONAL,COF9670,1HSRDJNRXGHHB12898,11300770,BUENA,830490,1996,,449037,VEHICULOS-TRANSPORTE
Equipo_166,4-49-039,MULA,INTERNATIONAL,COF9670,1HSRDJNR1GHB13566,11305041,REGULAR,830486,1996,,449039,VEHICULOS-TRANSPORTE
Equipo_167,4-49-040,MULA,INTERNATIONAL,,2HSFHAMR9TC091890,06R0241985,BUENA,830647,1996,,449040,VEHICULOS-TRANSPORTE
Equipo_168,4-49-041,MULA,INTERNATIONAL,,2HSFHAMR3TC091853,06R0271749,BUENA,830657,1996,,449041,VEHICULOS-TRANSPORTE
Equipo_169,4-50-001,CAMION,MACK,TK,R685T70586,239GB5358B,REGULAR,830467,1979,,450001,VEHICULOS-TRANSPORTE
Equipo_170,4-50-002,CAMION,,,S-170,S/N,,SP,,,450002,VEHICULOS-TRANSPORTE
Equipo_171,4-50-011,CAMION,INTERNATIONAL,,A15732,A157132222,REGULAR,830468,1980,,450011,VEHICULOS-TRANSPORTE
Equipo_172,4-50-013,CAMION,HIUNDAY,MIGHTY,KMEGA17FPRH,D4AFS1002082,REGULAR,742749,1996,,450013,VEHICULOS-TRANSPORTE
Equipo_173,4-50-014,CAMION,TOYOTA,DYNA 400,HJ47LPK,14B1469748,BUENA,742749,1997,,450014,VEHICULOS-TRANSPORTE
Equipo_174,4-50-015,CAMION,TOYOTA,DYNA ,BU2210001858,14B1573851,BUENA,SP,1999,,450015,VEHICULOS-TRANSPORTE
Equipo_175,4-50-016,CAMION,INTERNATIONAL,S1900,1HTLDZZN4JH590181,468TM2U53,BUENA,830547,1988,,450016,VEHICULOS-TRANSPORTE
Equipo_176,4-50-019,CAMION,ISUZU,NQR71P-02,JAAN1R71P67100093,271390,BUENA,830639,2006,,450019,VEHICULOS-TRANSPORTE
Equipo_177,4-50-020,CAMION,,,S-177,S/N,,959774,,,450020,VEHICULOS-TRANSPORTE
Equipo_178,4-50-021,CAMION,,,S-178,S/N,,BB0311,,,450021,VEHICULOS-TRANSPORTE
Equipo_179,4-50-022,CAMION,,,S-179,S/N,,BL1257,,,450022,VEHICULOS-TRANSPORTE
Equipo_180,4-50-023,CAMION,,,S-180,S/N,,BA7762,,,450023,VEHICULOS-TRANSPORTE
Equipo_181,4-50-024,CAMION PEQUEÑO PITUFO,,,S-181,S/N,,SP,,,450024,VEHICULOS-TRANSPORTE
Equipo_182,4-52-005,TANQUE DE AGUA,PROPIA,S/M.,S-182,S/N,REGULAR,SP,1976,,452005,VEHICULOS-TRANSPORTE
Equipo_183,4-53-001,TORNO,LONSINGT,,S-183,S/N,,SP,,,453001,VEHICULOS-TRANSPORTE
Equipo_184,4-53-002,TORNO,LANSING-G30,11777,S-184,S/N,,SP,,,453002,VEHICULOS-TRANSPORTE
Equipo_185,4-53-003,TALADRO IND.,MACHINERY,,S-185,S/N,,SP,,,453003,VEHICULOS-TRANSPORTE
Equipo_186,4-53-004,TALADRO IND.,DRAKE,50H,172330,S/N,,SP,,,453004,VEHICULOS-TRANSPORTE
Equipo_187,4-53-005,PRENSA HID.,BRIDGEBURT,J227436,5368,S/N,,SP,,,453005,VEHICULOS-TRANSPORTE
Equipo_188,4-53-006,CORTADORA,SPEED SAW,LF302,18811,S/N,,SP,1979,,453006,VEHICULOS-TRANSPORTE
Equipo_189,4-53-007,CEPILLADORA,,R 900 II,7156,S/N,,SP,1983,,453007,VEHICULOS-TRANSPORTE
Equipo_190,4-54-001,ZANJADOR,TOWNER,,S-190,S/N,,SP,1978,,454001,VEHICULOS-TRANSPORTE
Equipo_191,4-56-001,CULTIVADOR,STARA SFIL,ASA 5R,04/10252,S/N,BUENA,SP,,,456001,VEHICULOS-TRANSPORTE
Equipo_192,4-58-001,MONTACARGAS,CATERPILLAR,AH 40,85R243,S/N,BUENA,SP,1977,,458001,VEHICULOS-TRANSPORTE
Equipo_193,4-58-002,MONTACARGAS,TAYLOR,,S-193,S/N,BUENA,SP,,,458002,VEHICULOS-TRANSPORTE
Equipo_194,4-58-003,MONTACARGAS,TAYLOR,,85R249,S/N,REGULAR,SP,1977,,458003,VEHICULOS-TRANSPORTE
Equipo_195,4-58-004,MONTACARGAS,CATERPILLAR,AH 40,85R246,S/N,REGULAR,SP,1977,,458004,VEHICULOS-TRANSPORTE
Equipo_196,4-58-005,MONTACARGAS,CATERPILLAR,AH 40,85R244,S/N,REGULAR,SP,1977,,458005,VEHICULOS-TRANSPORTE
Equipo_197,4-58-006,MONTACARGAS,TAYLOR,,S-197,S/N,,SP,,,458006,VEHICULOS-TRANSPORTE
Equipo_198,4-58-007,MONTACARGAS,CATERPILLAR,AH 40,85R251,S/N,REGULAR,SP,1977,,458007,VEHICULOS-TRANSPORTE
Equipo_199,4-58-008,MONTACARGAS,CATERPILLAR,VC 60C,90W00435,S/N,REGULAR,SP,1981,,458008,VEHICULOS-TRANSPORTE
Equipo_200,4-58-009,MONTACARGAS,TAYLOR,,333118T,S/N,REGULAR,SP,,,458009,VEHICULOS-TRANSPORTE
Equipo_201,4-58-010,MONTACARGAS,CATERPILLAR,,3CM10568,S/N,BUENA,SP,1997,,458010,VEHICULOS-TRANSPORTE
Equipo_202,4-58-011,MONTACARGAS,CATERPILLAR,,S-202,S/N,BUENA,SP,,,458011,VEHICULOS-TRANSPORTE
Equipo_203,4-58-012,MONTACARGAS,,,S-203,S/N,,SP,,,458012,VEHICULOS-TRANSPORTE
Equipo_204,4-58-013,MONTACARGAS,,,S-204,S/N,,SP,,,458013,VEHICULOS-TRANSPORTE
Equipo_205,4-64-002,CHAPEADORA,,,S-205,S/N,,SP,,,464002,VEHICULOS-TRANSPORTE
Equipo_206,4-64-003,CHAPEADORA,,,S-206,S/N,,SP,,,464003,VEHICULOS-TRANSPORTE
Equipo_207,4-72-002,CHASSIS,CAMECO,PB250,S-207,-,REGULAR,SP,1977,,472002,VEHICULOS-TRANSPORTE
Equipo_208,4-72-003,CHASSIS,CAMECO,PB250,S-208,-,REGULAR,SP,1977,,472003,VEHICULOS-TRANSPORTE
Equipo_209,4-72-004,CHASSIS,CAMECO,PB250,S-209,-,REGULAR,SP,1977,,472004,VEHICULOS-TRANSPORTE
Equipo_210,4-72-005,CHASSIS,CAMECO,PB250,S-210,-,REGULAR,SP,1977,,472005,VEHICULOS-TRANSPORTE
Equipo_211,4-72-010,CHASSIS,CAMECO,PB250,S-211,S/N,REGULAR,SP,1977,,472010,VEHICULOS-TRANSPORTE
Equipo_212,4-72-019,CHASSIS,CAMECO,PB250,S-212,S/N,,SP,,,472019,VEHICULOS-TRANSPORTE
Equipo_213,4-72-020,CHASSIS,CAMECO,PB250,S-213,-,REGULAR,SP,1977,,472020,VEHICULOS-TRANSPORTE
Equipo_214,4-72-032,CHASSIS,CAMECO,PB250,S-214,-,REGULAR,SP,1977,,472032,VEHICULOS-TRANSPORTE
Equipo_216,4-72-040,CHASSIS,CAMECO,PB250,S-216,-,REGULAR,SP,1977,,472040,VEHICULOS-TRANSPORTE
Equipo_217,4-72-041,CHASSIS,CAMECO,PB250,S-217,-,REGULAR,SP,1977,,472041,VEHICULOS-TRANSPORTE
Equipo_218,4-72-042,CHASSIS,CAMECO,PB250,S-218,-,REGULAR,SP,1977,,472042,VEHICULOS-TRANSPORTE
Equipo_219,4-72-043,CHASSIS,CAMECO,PB250,S-219,-,REGULAR,SP,1977,,472043,VEHICULOS-TRANSPORTE
Equipo_220,4-72-044,CHASSIS,CAMECO,PB250,S-220,S/N,REGULAR,SP,1977,,472044,VEHICULOS-TRANSPORTE
Equipo_221,4-72-045,CHASSIS,CAMECO,PB250,S-221,-,REGULAR,SP,1977,,472045,VEHICULOS-TRANSPORTE
Equipo_222,4-72-048,CHASSIS,CAMECO,PB250,S-222,-,REGULAR,SP,1977,,472048,VEHICULOS-TRANSPORTE
Equipo_223,4-72-052,CHASSIS,CAMECO,PB250,S-223,S/N,,SP,,,472052,VEHICULOS-TRANSPORTE
Equipo_224,4-72-053,CHASSIS,CAMECO,PB250,S-224,-,REGULAR,SP,1977,,472053,VEHICULOS-TRANSPORTE
Equipo_225,4-72-057,CHASSIS,VANGUARD,PB250,S-225,-,REGULAR,SP,1981,,472057,VEHICULOS-TRANSPORTE
Equipo_226,4-72-059,CHASSIS,VANGUARD,PB250,S-226,S/N,REGULAR,SP,1981,,472059,VEHICULOS-TRANSPORTE
Equipo_227,4-72-060,CHASSIS,VANGUARD,PB250,S-227,-,REGULAR,SP,1981,,472060,VEHICULOS-TRANSPORTE
Equipo_228,4-72-061,CHASSIS,VANGUARD,PB250,S-228,S/N,REGULAR,SP,1981,,472061,VEHICULOS-TRANSPORTE
Equipo_229,4-72-063,CHASSIS,VANGUARD,PB250,S-229,-,REGULAR,SP,1981,,472063,VEHICULOS-TRANSPORTE
Equipo_230,4-72-064,CHASSIS,VANGUARD,PB250,S-230,S/N,REGULAR,SP,1981,,472064,VEHICULOS-TRANSPORTE
Equipo_231,4-72-066,CHASSIS,VANGUARD,PB250,S-231,-,REGULAR,SP,1981,,472066,VEHICULOS-TRANSPORTE
Equipo_232,4-72-067,CHASSIS,VANGUARD,PB250,S-232,S/N,,SP,,,472067,VEHICULOS-TRANSPORTE
Equipo_233,4-72-069,CHASSIS,VANGUARD,PB250,S-233,-,REGULAR,SP,1981,,472069,VEHICULOS-TRANSPORTE
Equipo_234,4-72-070,CHASSIS,VANGUARD,PB250,S-234,-,REGULAR,SP,1981,,472070,VEHICULOS-TRANSPORTE
Equipo_235,4-72-072,CHASSIS,VANGUARD,PB250,S-235,-,REGULAR,SP,1981,,472072,VEHICULOS-TRANSPORTE
Equipo_236,4-72-074,CHASSIS,VANGUARD,PB250,S-236,-,REGULAR,SP,1981,,472074,VEHICULOS-TRANSPORTE
Equipo_237,4-72-075,CHASSIS,VANGUARD,PB250,S-237,-,REGULAR,SP,1981,,472075,VEHICULOS-TRANSPORTE
Equipo_238,4-72-076,CHASSIS,VANGUARD,PB250,S-238,S/N,REGULAR,SP,1981,,472076,VEHICULOS-TRANSPORTE
Equipo_239,4-72-079,CHASSIS,VANGUARD,PB250,S-239,S/N,,SP,,,472079,VEHICULOS-TRANSPORTE
Equipo_240,4-72-080,CHASSIS,VANGUARD,PB250,S-240,S/N,,SP,,,472080,VEHICULOS-TRANSPORTE
Equipo_241,4-72-081,CHASSIS,VANGUARD,PB250,S-241,S/N,REGULAR,SP,1981,,472081,VEHICULOS-TRANSPORTE
Equipo_242,4-72-083,CHASSIS,VANGUARD,PB250,S-242,-,REGULAR,SP,1981,,472083,VEHICULOS-TRANSPORTE
Equipo_243,4-72-084,CHASSIS,VANGUARD,PB250,S-243,S/N,,SP,,,472084,VEHICULOS-TRANSPORTE
Equipo_244,4-72-085,CHASSIS,VANGUARD,PB250,S-244,S/N,,SP,,,472085,VEHICULOS-TRANSPORTE
Equipo_245,4-72-089,CHASSIS,VANGUARD,PB250,S-245,-,REGULAR,SP,1981,,472089,VEHICULOS-TRANSPORTE
Equipo_246,4-72-090,CHASSIS,VANGUARD,PB250,S-246,S/N,,SP,,,472090,VEHICULOS-TRANSPORTE
Equipo_247,4-72-091,CHASSIS,VANGUARD,PB250,S-247,-,REGULAR,SP,1981,,472091,VEHICULOS-TRANSPORTE
Equipo_248,4-72-092,CHASSIS,VANGUARD,PB250,S-248,-,REGULAR,SP,1981,,472092,VEHICULOS-TRANSPORTE
Equipo_249,4-72-093,CHASSIS,VANGUARD,PB250,S-249,-,REGULAR,SP,1981,,472093,VEHICULOS-TRANSPORTE
Equipo_250,4-72-094,CHASSIS,VANGUARD,PB250,S-250,S/N,,SP,,,472094,VEHICULOS-TRANSPORTE
Equipo_251,4-72-095,CHASSIS,VANGUARD,PB250,S-251,-,REGULAR,SP,1981,,472095,VEHICULOS-TRANSPORTE
Equipo_252,4-72-096,CHASSIS,VANGUARD,PB250,S-252,-,REGULAR,SP,1981,,472096,VEHICULOS-TRANSPORTE
Equipo_253,4-72-098,CHASSIS,VANGUARD,PB250,S-253,-,REGULAR,SP,1981,,472098,VEHICULOS-TRANSPORTE
Equipo_254,4-72-099,CHASSIS,VANGUARD,PB250,S-254,-,REGULAR,SP,1981,,472099,VEHICULOS-TRANSPORTE
Equipo_255,4-72-101,CHASSIS,VANGUARD,PB250,S-255,S/N,,SP,,,472101,VEHICULOS-TRANSPORTE
Equipo_256,4-72-102,CHASSIS,VANGUARD,PB250,S-256,-,REGULAR,SP,1981,,472102,VEHICULOS-TRANSPORTE
Equipo_257,4-72-103,CHASSIS,VANGUARD,PB250,S-257,-,REGULAR,SP,1981,,472103,VEHICULOS-TRANSPORTE
Equipo_258,4-72-104,CHASSIS,VANGUARD,PB250,S-258,S/N,,SP,,,472104,VEHICULOS-TRANSPORTE
Equipo_259,4-73-001,CHASSIS,CAMECO,HT 200,S-259,-,REGULAR,SP,1977,,473001,VEHICULOS-TRANSPORTE
Equipo_260,4-73-002,CHASSIS,CAMECO,HT 200,S-260,-,REGULAR,SP,1977,,473002,VEHICULOS-TRANSPORTE
Equipo_261,4-73-003,CHASSIS,CAMECO,HT 200,S-261,-,REGULAR,SP,1977,,473003,VEHICULOS-TRANSPORTE
Equipo_262,4-73-004,CHASSIS,CAMECO,HT 200,S-262,-,REGULAR,SP,1977,,473004,VEHICULOS-TRANSPORTE
Equipo_263,4-73-005,CHASSIS,CAMECO,HT 200,S-263,-,REGULAR,SP,1977,,473005,VEHICULOS-TRANSPORTE
Equipo_264,4-73-006,CHASSIS,CAMECO,HT 200,S-264,-,REGULAR,SP,1977,,473006,VEHICULOS-TRANSPORTE
Equipo_265,4-73-007,CHASSIS,CAMECO,HT 200,S-265,-,REGULAR,SP,1977,,473007,VEHICULOS-TRANSPORTE
Equipo_266,4-73-008,CHASSIS,CAMECO,HT 200,S-266,-,REGULAR,SP,1977,,473008,VEHICULOS-TRANSPORTE
Equipo_267,4-73-009,CHASSIS,CAMECO,HT 200,S-267,-,REGULAR,SP,1977,,473009,VEHICULOS-TRANSPORTE
Equipo_268,4-73-010,CHASSIS,CAMECO,HT 200,S-268,-,REGULAR,SP,1977,,473010,VEHICULOS-TRANSPORTE
Equipo_269,4-73-011,CHASSIS,CAMECO,HT 200,S-269,-,REGULAR,SP,1977,,473011,VEHICULOS-TRANSPORTE
Equipo_270,4-73-012,CHASSIS,CAMECO,HT 200,S-270,-,REGULAR,SP,1977,,473012,VEHICULOS-TRANSPORTE
Equipo_271,4-73-013,CHASSIS,CAMECO,HT 200,S-271,-,REGULAR,SP,1977,,473013,VEHICULOS-TRANSPORTE
Equipo_272,4-73-014,CHASSIS,CAMECO,HT 200,S-272,-,REGULAR,SP,1977,,473014,VEHICULOS-TRANSPORTE
Equipo_273,4-73-015,CHASSIS,CAMECO,HT 200,S-273,-,REGULAR,SP,1977,,473015,VEHICULOS-TRANSPORTE
Equipo_274,4-73-016,CHASSIS,CAMECO,HT 200,S-274,-,REGULAR,SP,1977,,473016,VEHICULOS-TRANSPORTE
Equipo_275,4-73-017,CHASSIS,CAMECO,HT 200,S-275,S/N,REGULAR,SP,1977,,473017,VEHICULOS-TRANSPORTE
Equipo_276,4-73-018,CHASSIS,CAMECO,HT 200,S-276,S/N,REGULAR,SP,1977,,473018,VEHICULOS-TRANSPORTE
Equipo_277,4-73-019,CHASSIS,CAMECO,HT 200,S-277,S/N,REGULAR,SP,1977,,473019,VEHICULOS-TRANSPORTE
Equipo_278,4-73-020,CHASSIS,CAMECO,HT 200,S-278,S/N,REGULAR,SP,1977,,473020,VEHICULOS-TRANSPORTE
Equipo_279,4-73-021,CHASSIS,CAMECO,HT 200,S-279,-,REGULAR,SP,1977,,473021,VEHICULOS-TRANSPORTE
Equipo_280,4-84-041,TRACTOR,CAMECO,235,6331977,9ON21748,REGULAR,SP,1976,,484041,VEHICULOS-TRANSPORTE
Equipo_281,4-84-044,TRACTOR,CAMECO,235,S-281,S/N,REGULAR,SP,1976,,484044,VEHICULOS-TRANSPORTE
Equipo_282,4-84-047,TRACTOR,CAMECO,235,S-282,S/N,REGULAR,SP,1976,,484047,VEHICULOS-TRANSPORTE
Equipo_283,4-84-051,TRACTOR,CAMECO,235,620051,9ON22086,REGULAR,SP,1976,,484051,VEHICULOS-TRANSPORTE
Equipo_284,4-84-056,TRACTOR,CAMECO,235,6281977,9ON22105,REGULAR,SP,1976,,484056,VEHICULOS-TRANSPORTE
Equipo_285,4-84-076,TRACTOR,CASE INTER.,MX 150,JJAMX05947,S/N,BUENA,SP,1999,,484076,VEHICULOS-TRANSPORTE
Equipo_286,4-84-077,TRACTOR,NEW HOLLAND,TM 150,303913,C6955,BUENA,SP,2003,,484077,VEHICULOS-TRANSPORTE
Equipo_287,4-84-078,TRACTOR,NEW HOLLAND,TM 165,313080,C71748,BUENA,SP,2004,,484078,VEHICULOS-TRANSPORTE
Equipo_288,4-84-079,TRACTOR,CASE INTER.,JXU 100,903656,CNH ,BUENA,SP,2004,,484079,VEHICULOS-TRANSPORTE
Equipo_289,4-84-080,TRACTOR,CASE INTER.,JXU 100,903675,CNH ,BUENA,SP,2004,,484080,VEHICULOS-TRANSPORTE
Equipo_290,4-84-081,TRACTOR,NEW HOLLAND,TL 95E,Z5CB10521,TL9ER400219,BUENA,SP,2006,,484081,VEHICULOS-TRANSPORTE
Equipo_291,4-84-082,TRACTOR,NEW HOLLAND,TL 95E,Z5CB10499,TL9ER400218,BUENA,SP,2006,,484082,VEHICULOS-TRANSPORTE
Equipo_292,4-84-083,TRACTOR,CASE INTER.,TS 100 4W,H1067,122526B,BUENA,SP,2000,,484083,VEHICULOS-TRANSPORTE
Equipo_293,4-84-084,TRACTOR,CASE INTER.,8910,JJA0086217,45623563,BUENA,SP,1999,,484084,VEHICULOS-TRANSPORTE
Equipo_294,4-84-085,TRACTOR,VALTRA,BM 110,M110215848,S/N,BUENA,SP,2008,,484085,VEHICULOS-TRANSPORTE
Equipo_295,4-84-086,TRACTOR,VALTRA,BM 110,M110254397,S/N,BUENA,SP,2008,,484086,VEHICULOS-TRANSPORTE
Equipo_296,4-84-087,TRACTOR,VALTRA,BM 110,S-296,S/N,BUENA,SP,2008,,484087,VEHICULOS-TRANSPORTE
Equipo_297,4-84-088,TRACTOR,,,S-297,S/N,,SP,,,484088,VEHICULOS-TRANSPORTE
Equipo_298,4-84-089,TRACTOR,,,S-298,S/N,,SP,,,484089,VEHICULOS-TRANSPORTE
Equipo_299,4-84-090,TRACTOR,,,S-299,S/N,,SP,,,484090,VEHICULOS-TRANSPORTE
Equipo_300,4-84-091,TRACTOR,,,S-300,S/N,,SP,,,484091,VEHICULOS-TRANSPORTE
Equipo_301,4-84-092,TRACTOR,,,S-301,S/N,,SP,,,484092,VEHICULOS-TRANSPORTE
Equipo_302,4-84-093,TRACTOR,,,S-302,S/N,,SP,,,484093,VEHICULOS-TRANSPORTE
Equipo_303,4-84-094,TRACTOR,,,S-303,S/N,,SP,,,484094,VEHICULOS-TRANSPORTE
Equipo_304,4-84-095,TRACTOR,,,S-304,S/N,,SP,,,484095,VEHICULOS-TRANSPORTE
Equipo_305,4-84-096,TRACTOR,,,S-305,S/N,,SP,,,484096,VEHICULOS-TRANSPORTE
Equipo_306,4-86-007,TRACTOR ORUGA,KOMATZU,D 31,32212,4D1055753438,REGULAR,SP,1983,,486007,VEHICULOS-TRANSPORTE
Equipo_307,4-86-008,TRACTOR ORUGA,,,S-307,S/N,,SP,,,486008,VEHICULOS-TRANSPORTE
Equipo_308,4-87-001,TRACTOR ORUGA,CATERPILLAR,DGR-XL,S-308,7GR00597,BUENA,SP,,,487001,VEHICULOS-TRANSPORTE
Equipo_309,4-92-001,CARRETON ,CAMECO,2-3 - TONS.,S-309,S/N,REGULAR,SP,1976,,492001,VEHICULOS-TRANSPORTE
Equipo_310,4-92-002,CARRETON ,CAMECO,2-3 - TONS.,S-310,S/N,REGULAR,SP,1976,,492002,VEHICULOS-TRANSPORTE
Equipo_311,4-92-003,CARRETON ,CAMECO,2-3 - TONS.,S-311,S/N,REGULAR,SP,1976,,492003,VEHICULOS-TRANSPORTE
Equipo_312,4-92-004,CARRETON ,CAMECO,2-3 - TONS.,S-312,S/N,REGULAR,SP,1976,,492004,VEHICULOS-TRANSPORTE
Equipo_313,4-92-005,CARRETON ,CAMECO,2-3 - TONS.,S-313,S/N,REGULAR,SP,1976,,492005,VEHICULOS-TRANSPORTE
Equipo_314,4-92-006,CARRETON ,CAMECO,2-3 - TONS.,S-314,S/N,REGULAR,SP,1976,,492006,VEHICULOS-TRANSPORTE
Equipo_315,4-92-007,CARRETON ,CAMECO,2-3 - TONS.,S-315,S/N,REGULAR,SP,1976,,492007,VEHICULOS-TRANSPORTE
Equipo_316,4-92-015,CARRETON ,CAMECO,2-3 - TONS.,S-316,S/N,REGULAR,SP,1976,,492015,VEHICULOS-TRANSPORTE
Equipo_317,4-93-001,CARRETON ,CAMECO,5 - TONS.,S-317,S/N,REGULAR,SP,1976,,493001,VEHICULOS-TRANSPORTE
Equipo_318,4-93-002,CARRETON ,CAMECO,5 - TONS.,S-318,S/N,REGULAR,SP,1976,,493002,VEHICULOS-TRANSPORTE
Equipo_319,4-93-003,CARRETON ,CAMECO,5 - TONS.,S-319,S/N,REGULAR,SP,1976,,493003,VEHICULOS-TRANSPORTE
Equipo_320,4-93-005,CARRETON ,CAMECO,5 - TONS.,S-320,S/N,REGULAR,SP,1976,,493005,VEHICULOS-TRANSPORTE
Equipo_321,4-93-006,CARRETON ,CAMECO,5 - TONS.,S-321,S/N,REGULAR,SP,1976,,493006,VEHICULOS-TRANSPORTE
Equipo_322,4-93-007,CARRETON ,CAMECO,5 - TONS.,S-322,S/N,REGULAR,SP,1976,,493007,VEHICULOS-TRANSPORTE
Equipo_323,4-93-009,CARRETON ,CAMECO,5 - TONS.,S-323,S/N,REGULAR,SP,1976,,493009,VEHICULOS-TRANSPORTE
Equipo_324,4-93-010,CARRETON ,CAMECO,5 - TONS.,S-324,S/N,REGULAR,SP,1976,,493010,VEHICULOS-TRANSPORTE
Equipo_325,4-93-011,CARRETON ,CAMECO,5 - TONS.,S-325,S/N,REGULAR,SP,1976,,493011,VEHICULOS-TRANSPORTE
Equipo_326,4-93-012,CARRETON ,CAMECO,5 - TONS.,S-326,S/N,REGULAR,SP,1976,,493012,VEHICULOS-TRANSPORTE
Equipo_327,4-93-013,CARRETON ,CAMECO,5 - TONS.,S-327,S/N,REGULAR,SP,1976,,493013,VEHICULOS-TRANSPORTE
Equipo_328,4-93-015,CARRETON ,CAMECO,5 - TONS.,S-328,S/N,REGULAR,SP,1976,,493015,VEHICULOS-TRANSPORTE
Equipo_329,4-93-016,CARRETON ,CAMECO,5 - TONS.,S-329,S/N,REGULAR,SP,1976,,493016,VEHICULOS-TRANSPORTE
Equipo_330,4-93-017,CARRETON ,CAMECO,5 - TONS.,S-330,S/N,REGULAR,SP,1976,,493017,VEHICULOS-TRANSPORTE
Equipo_331,4-93-018,CARRETON ,CAMECO,5 - TONS.,S-331,S/N,REGULAR,SP,1976,,493018,VEHICULOS-TRANSPORTE
Equipo_332,4-93-019,CARRETON ,CAMECO,5 - TONS.,S-332,S/N,,SP,,,493019,VEHICULOS-TRANSPORTE
Equipo_333,4-93-020,CARRETON ,CAMECO,5 - TONS.,S-333,S/N,,SP,,,493020,VEHICULOS-TRANSPORTE
Equipo_334,4-93-021,CARRETON ,CAMECO,5 - TONS.,S-334,S/N,,SP,,,493021,VEHICULOS-TRANSPORTE
Equipo_335,4-93-022,CARRETON ,CAMECO,5 - TONS.,S-335,S/N,,SP,,,493022,VEHICULOS-TRANSPORTE
Equipo_336,4-93-023,CARRETON ,CAMECO,5 - TONS.,S-336,S/N,,SP,,,493023,VEHICULOS-TRANSPORTE
Equipo_337,4-93-024,CARRETON ,CAMECO,5 - TONS.,S-337,S/N,,SP,,,493024,VEHICULOS-TRANSPORTE
Equipo_338,4-93-025,CARRETON ,CAMECO,5 - TONS.,S-338,S/N,,SP,,,493025,VEHICULOS-TRANSPORTE
Equipo_339,4-93-026,CARRETON ,CAMECO,5 - TONS.,S-339,S/N,,SP,,,493026,VEHICULOS-TRANSPORTE
Equipo_340,4-93-027,CARRETON ,CAMECO,5 - TONS.,S-340,S/N,,SP,,,493027,VEHICULOS-TRANSPORTE
Equipo_341,4-93-028,CARRETON ,CAMECO,5 - TONS.,S-341,S/N,,SP,,,493028,VEHICULOS-TRANSPORTE
Equipo_342,4-93-029,CARRETON ,CAMECO,5 - TONS.,S-342,S/N,,SP,,,493029,VEHICULOS-TRANSPORTE
Equipo_343,4-93-030,CARRETON ,CAMECO,5 - TONS.,S-343,S/N,,SP,,,493030,VEHICULOS-TRANSPORTE
Equipo_344,4-95-001,CONTENEDORES,CAMECO,15  TONS.,S-344,S/N,,SP,1977,,495001,VEHICULOS-TRANSPORTE
Equipo_345,4-95-002,CONTENEDORES,CAMECO,15  TONS.,S-345,S/N,,SP,1977,,495002,VEHICULOS-TRANSPORTE
Equipo_346,4-95-003,CONTENEDORES,CAMECO,15  TONS.,S-346,S/N,,SP,1977,,495003,VEHICULOS-TRANSPORTE
Equipo_347,4-95-004,CONTENEDORES,CAMECO,15  TONS.,S-347,S/N,,SP,1977,,495004,VEHICULOS-TRANSPORTE
Equipo_348,4-95-005,CONTENEDORES,CAMECO,15  TONS.,S-348,S/N,,SP,1977,,495005,VEHICULOS-TRANSPORTE
Equipo_349,4-95-008,CONTENEDORES,CAMECO,15  TONS.,S-349,S/N,,SP,1977,,495008,VEHICULOS-TRANSPORTE
Equipo_350,4-95-009,CONTENEDORES,CAMECO,15  TONS.,S-350,S/N,,SP,1977,,495009,VEHICULOS-TRANSPORTE
Equipo_351,4-95-010,CONTENEDORES,CAMECO,15  TONS.,S-351,S/N,,SP,1977,,495010,VEHICULOS-TRANSPORTE
Equipo_352,4-95-011,CONTENEDORES,CAMECO,15  TONS.,S-352,S/N,,SP,1977,,495011,VEHICULOS-TRANSPORTE
Equipo_353,4-95-012,CONTENEDORES,CAMECO,15  TONS.,S-353,S/N,,SP,1977,,495012,VEHICULOS-TRANSPORTE
Equipo_354,4-95-013,CONTENEDORES,CAMECO,15  TONS.,S-354,S/N,,SP,1977,,495013,VEHICULOS-TRANSPORTE
Equipo_355,4-95-014,CONTENEDORES,CAMECO,15  TONS.,S-355,S/N,,SP,1977,,495014,VEHICULOS-TRANSPORTE
Equipo_356,4-95-016,CONTENEDORES,CAMECO,15  TONS.,S-356,S/N,,SP,1977,,495016,VEHICULOS-TRANSPORTE
Equipo_357,4-95-017,CONTENEDORES,CAMECO,15  TONS.,S-357,S/N,,SP,1977,,495017,VEHICULOS-TRANSPORTE
Equipo_358,4-95-018,CONTENEDORES,CAMECO,15  TONS.,S-358,S/N,,SP,1977,,495018,VEHICULOS-TRANSPORTE
Equipo_359,4-95-019,CONTENEDORES,CAMECO,15  TONS.,S-359,S/N,,SP,1977,,495019,VEHICULOS-TRANSPORTE
Equipo_360,4-95-020,CONTENEDORES,CAMECO,15  TONS.,S-360,S/N,,SP,1977,,495020,VEHICULOS-TRANSPORTE
Equipo_361,4-95-021,CONTENEDORES,CAMECO,15  TONS.,S-361,S/N,,SP,1977,,495021,VEHICULOS-TRANSPORTE
Equipo_362,4-95-022,CONTENEDORES,CAMECO,15  TONS.,S-362,S/N,,SP,1977,,495022,VEHICULOS-TRANSPORTE
Equipo_363,4-95-024,CONTENEDORES,CAMECO,15  TONS.,S-363,S/N,,SP,1977,,495024,VEHICULOS-TRANSPORTE
Equipo_364,4-95-026,CONTENEDORES,CAMECO,15  TONS.,S-364,S/N,,SP,1977,,495026,VEHICULOS-TRANSPORTE
Equipo_365,4-95-028,CONTENEDORES,CAMECO,15  TONS.,S-365,S/N,,SP,1977,,495028,VEHICULOS-TRANSPORTE
Equipo_366,4-95-029,CONTENEDORES,CAMECO,15  TONS.,S-366,S/N,,SP,1977,,495029,VEHICULOS-TRANSPORTE
Equipo_367,4-95-030,CONTENEDORES,CAMECO,15  TONS.,S-367,S/N,,SP,1977,,495030,VEHICULOS-TRANSPORTE
Equipo_368,4-95-031,CONTENEDORES,CAMECO,15  TONS.,S-368,S/N,,SP,1977,,495031,VEHICULOS-TRANSPORTE
Equipo_369,4-95-033,CONTENEDORES,CAMECO,15  TONS.,S-369,S/N,,SP,1977,,495033,VEHICULOS-TRANSPORTE
Equipo_370,4-95-034,CONTENEDORES,CAMECO,15  TONS.,S-370,S/N,,SP,1977,,495034,VEHICULOS-TRANSPORTE
Equipo_371,4-95-035,CONTENEDORES,CAMECO,15  TONS.,S-371,S/N,,SP,1977,,495035,VEHICULOS-TRANSPORTE
Equipo_372,4-95-036,CONTENEDORES,CAMECO,15  TONS.,S-372,S/N,,SP,1977,,495036,VEHICULOS-TRANSPORTE
Equipo_373,4-95-037,CONTENEDORES,CAMECO,15  TONS.,S-373,S/N,,SP,1977,,495037,VEHICULOS-TRANSPORTE
Equipo_374,4-95-038,CONTENEDORES,CAMECO,15  TONS.,S-374,S/N,,SP,1977,,495038,VEHICULOS-TRANSPORTE
Equipo_375,4-95-039,CONTENEDORES,CAMECO,15  TONS.,S-375,S/N,,SP,1977,,495039,VEHICULOS-TRANSPORTE
Equipo_376,4-95-040,CONTENEDORES,CAMECO,15  TONS.,S-376,S/N,,SP,1977,,495040,VEHICULOS-TRANSPORTE
Equipo_377,4-95-041,CONTENEDORES,CAMECO,15  TONS.,S-377,S/N,,SP,1977,,495041,VEHICULOS-TRANSPORTE
Equipo_378,4-95-042,CONTENEDORES,CAMECO,15  TONS.,S-378,S/N,,SP,1977,,495042,VEHICULOS-TRANSPORTE
Equipo_379,4-95-043,CONTENEDORES,CAMECO,15  TONS.,S-379,S/N,,SP,1977,,495043,VEHICULOS-TRANSPORTE
Equipo_380,4-95-044,CONTENEDORES,CAMECO,15  TONS.,S-380,S/N,,SP,1977,,495044,VEHICULOS-TRANSPORTE
Equipo_381,4-95-045,CONTENEDORES,CAMECO,15  TONS.,S-381,S/N,,SP,1977,,495045,VEHICULOS-TRANSPORTE
Equipo_382,4-95-047,CONTENEDORES,CAMECO,15  TONS.,S-382,S/N,,SP,1977,,495047,VEHICULOS-TRANSPORTE
Equipo_383,4-95-048,CONTENEDORES,CAMECO,15  TONS.,S-383,S/N,,SP,1977,,495048,VEHICULOS-TRANSPORTE
Equipo_384,4-95-050,CONTENEDORES,CAMECO,15  TONS.,S-384,S/N,,SP,1977,,495050,VEHICULOS-TRANSPORTE
Equipo_385,4-95-051,CONTENEDORES,CAMECO,15  TONS.,S-385,S/N,,SP,1977,,495051,VEHICULOS-TRANSPORTE
Equipo_386,4-95-052,CONTENEDORES,CAMECO,15  TONS.,S-386,S/N,,SP,1977,,495052,VEHICULOS-TRANSPORTE
Equipo_387,4-95-053,CONTENEDORES,CAMECO,15  TONS.,S-387,S/N,,SP,1977,,495053,VEHICULOS-TRANSPORTE
Equipo_388,4-95-054,CONTENEDORES,CAMECO,15  TONS.,S-388,S/N,,SP,1977,,495054,VEHICULOS-TRANSPORTE
Equipo_389,4-95-055,CONTENEDORES,CAMECO,15  TONS.,S-389,S/N,,SP,1977,,495055,VEHICULOS-TRANSPORTE
Equipo_390,4-95-056,CONTENEDORES,CAMECO,15  TONS.,S-390,S/N,,SP,1977,,495056,VEHICULOS-TRANSPORTE
Equipo_391,4-95-057,CONTENEDORES,CAMECO,15  TONS.,S-391,S/N,,SP,1977,,495057,VEHICULOS-TRANSPORTE
Equipo_392,4-95-058,CONTENEDORES,CAMECO,15  TONS.,S-392,S/N,,SP,1977,,495058,VEHICULOS-TRANSPORTE
Equipo_393,4-95-059,CONTENEDORES,CAMECO,15  TONS.,S-393,S/N,,SP,1977,,495059,VEHICULOS-TRANSPORTE
Equipo_394,4-95-060,CONTENEDORES,CAMECO,15  TONS.,S-394,S/N,,SP,1977,,495060,VEHICULOS-TRANSPORTE
Equipo_395,4-95-061,CONTENEDORES,CAMECO,15  TONS.,S-395,S/N,,SP,1977,,495061,VEHICULOS-TRANSPORTE
Equipo_396,4-95-062,CONTENEDORES,CAMECO,15  TONS.,S-396,S/N,,SP,1977,,495062,VEHICULOS-TRANSPORTE
Equipo_397,4-95-063,CONTENEDORES,CAMECO,15  TONS.,S-397,S/N,,SP,1977,,495063,VEHICULOS-TRANSPORTE
Equipo_398,4-95-065,CONTENEDORES,CAMECO,15  TONS.,S-398,S/N,,SP,1977,,495065,VEHICULOS-TRANSPORTE
Equipo_399,4-95-066,CONTENEDORES,CAMECO,15  TONS.,S-399,S/N,,SP,1977,,495066,VEHICULOS-TRANSPORTE
Equipo_400,4-95-067,CONTENEDORES,CAMECO,15  TONS.,S-400,S/N,,SP,1977,,495067,VEHICULOS-TRANSPORTE
Equipo_401,4-95-068,CONTENEDORES,CAMECO,15  TONS.,S-401,S/N,,SP,1977,,495068,VEHICULOS-TRANSPORTE
Equipo_402,4-95-069,CONTENEDORES,CAMECO,15  TONS.,S-402,S/N,,SP,1977,,495069,VEHICULOS-TRANSPORTE
Equipo_403,4-95-070,CONTENEDORES,CAMECO,15  TONS.,S-403,S/N,,SP,1977,,495070,VEHICULOS-TRANSPORTE
Equipo_404,4-95-071,CONTENEDORES,CAMECO,15  TONS.,S-404,S/N,,SP,1977,,495071,VEHICULOS-TRANSPORTE
Equipo_405,4-95-073,CONTENEDORES,CAMECO,15  TONS.,S-405,S/N,,SP,1977,,495073,VEHICULOS-TRANSPORTE
Equipo_406,4-95-074,CONTENEDORES,CAMECO,15  TONS.,S-406,S/N,,SP,1977,,495074,VEHICULOS-TRANSPORTE
Equipo_407,4-95-075,CONTENEDORES,CAMECO,15  TONS.,S-407,S/N,,SP,1977,,495075,VEHICULOS-TRANSPORTE
Equipo_408,4-95-076,CONTENEDORES,CAMECO,15  TONS.,S-408,S/N,,SP,1977,,495076,VEHICULOS-TRANSPORTE
Equipo_409,4-95-077,CONTENEDORES,CAMECO,15  TONS.,S-409,S/N,,SP,1977,,495077,VEHICULOS-TRANSPORTE
Equipo_410,4-95-078,CONTENEDORES,CAMECO,15  TONS.,S-410,S/N,,SP,1977,,495078,VEHICULOS-TRANSPORTE
Equipo_411,4-95-079,CONTENEDORES,CAMECO,15  TONS.,S-411,S/N,,SP,1977,,495079,VEHICULOS-TRANSPORTE
Equipo_412,4-95-080,CONTENEDORES,CAMECO,15  TONS.,S-412,S/N,,SP,1977,,495080,VEHICULOS-TRANSPORTE
Equipo_413,4-95-081,CONTENEDORES,CAMECO,15  TONS.,S-413,S/N,,SP,1977,,495081,VEHICULOS-TRANSPORTE
Equipo_414,4-95-082,CONTENEDORES,CAMECO,15  TONS.,S-414,S/N,,SP,1977,,495082,VEHICULOS-TRANSPORTE
Equipo_415,4-95-083,CONTENEDORES,CAMECO,15  TONS.,S-415,S/N,,SP,1977,,495083,VEHICULOS-TRANSPORTE
Equipo_416,4-95-087,CONTENEDORES,CAMECO,15  TONS.,S-416,S/N,,SP,1977,,495087,VEHICULOS-TRANSPORTE
Equipo_417,4-95-088,CONTENEDORES,CAMECO,15  TONS.,S-417,S/N,,SP,1977,,495088,VEHICULOS-TRANSPORTE
Equipo_418,4-95-089,CONTENEDORES,CAMECO,15  TONS.,S-418,S/N,,SP,1977,,495089,VEHICULOS-TRANSPORTE
Equipo_419,4-95-090,CONTENEDORES,CAMECO,15  TONS.,S-419,S/N,,SP,1977,,495090,VEHICULOS-TRANSPORTE
Equipo_420,4-95-091,CONTENEDORES,CAMECO,15  TONS.,S-420,S/N,,SP,1977,,495091,VEHICULOS-TRANSPORTE
Equipo_421,4-95-092,CONTENEDORES,CAMECO,15  TONS.,S-421,S/N,,SP,1977,,495092,VEHICULOS-TRANSPORTE
Equipo_422,4-95-093,CONTENEDORES,CAMECO,15  TONS.,S-422,S/N,,SP,1977,,495093,VEHICULOS-TRANSPORTE
Equipo_423,4-95-094,CONTENEDORES,CAMECO,15  TONS.,S-423,S/N,,SP,1977,,495094,VEHICULOS-TRANSPORTE
Equipo_424,4-95-095,CONTENEDORES,CAMECO,15  TONS.,S-424,S/N,,SP,1977,,495095,VEHICULOS-TRANSPORTE
Equipo_425,4-95-096,CONTENEDORES,CAMECO,15  TONS.,S-425,S/N,,SP,1977,,495096,VEHICULOS-TRANSPORTE
Equipo_426,4-95-097,CONTENEDORES,CAMECO,15  TONS.,S-426,S/N,,SP,1977,,495097,VEHICULOS-TRANSPORTE
Equipo_427,4-95-099,CONTENEDORES,CAMECO,15  TONS.,S-427,S/N,,SP,1977,,495099,VEHICULOS-TRANSPORTE
Equipo_428,4-95-100,CONTENEDORES,CAMECO,15  TONS.,S-428,S/N,,SP,1977,,495100,VEHICULOS-TRANSPORTE
Equipo_429,4-95-101,CONTENEDORES,CAMECO,15  TONS.,S-429,S/N,,SP,1977,,495101,VEHICULOS-TRANSPORTE
Equipo_430,4-95-102,CONTENEDORES,CAMECO,15  TONS.,S-430,S/N,,SP,1977,,495102,VEHICULOS-TRANSPORTE
Equipo_431,4-95-103,CONTENEDORES,CAMECO,15  TONS.,S-431,S/N,,SP,1977,,495103,VEHICULOS-TRANSPORTE
Equipo_432,4-95-104,CONTENEDORES,CAMECO,15  TONS.,S-432,S/N,,SP,1977,,495104,VEHICULOS-TRANSPORTE
Equipo_433,4-95-106,CONTENEDORES,CAMECO,15  TONS.,S-433,S/N,,SP,1977,,495106,VEHICULOS-TRANSPORTE
Equipo_434,4-95-107,CONTENEDORES,CAMECO,15  TONS.,S-434,S/N,,SP,1977,,495107,VEHICULOS-TRANSPORTE
Equipo_435,4-95-109,CONTENEDORES,CAMECO,15  TONS.,S-435,S/N,,SP,1977,,495109,VEHICULOS-TRANSPORTE
Equipo_436,4-95-110,CONTENEDORES,CAMECO,15  TONS.,S-436,S/N,,SP,1977,,495110,VEHICULOS-TRANSPORTE
Equipo_437,4-95-111,CONTENEDORES,CAMECO,15  TONS.,S-437,S/N,,SP,1977,,495111,VEHICULOS-TRANSPORTE
Equipo_438,4-95-112,CONTENEDORES,CAMECO,15  TONS.,S-438,S/N,,SP,1977,,495112,VEHICULOS-TRANSPORTE
Equipo_439,4-95-113,CONTENEDORES,CAMECO,15  TONS.,S-439,S/N,,SP,1977,,495113,VEHICULOS-TRANSPORTE
Equipo_440,4-95-114,CONTENEDORES,CAMECO,15  TONS.,S-440,S/N,,SP,1977,,495114,VEHICULOS-TRANSPORTE
Equipo_441,4-95-115,CONTENEDORES,CAMECO,15  TONS.,S-441,S/N,,SP,1977,,495115,VEHICULOS-TRANSPORTE
Equipo_442,4-95-116,CONTENEDORES,CAMECO,15  TONS.,S-442,S/N,,SP,1977,,495116,VEHICULOS-TRANSPORTE
Equipo_443,4-95-117,CONTENEDORES,CAMECO,15  TONS.,S-443,S/N,,SP,1977,,495117,VEHICULOS-TRANSPORTE
Equipo_444,4-95-119,CONTENEDORES,CAMECO,15  TONS.,S-444,S/N,,SP,1977,,495119,VEHICULOS-TRANSPORTE
Equipo_445,4-95-120,CONTENEDORES,CAMECO,15  TONS.,S-445,S/N,,SP,1977,,495120,VEHICULOS-TRANSPORTE
Equipo_446,4-95-121,CONTENEDORES,CAMECO,15  TONS.,S-446,S/N,,SP,1977,,495121,VEHICULOS-TRANSPORTE
Equipo_447,4-95-124,CONTENEDORES,CAMECO,15  TONS.,S-447,S/N,,SP,1977,,495124,VEHICULOS-TRANSPORTE
Equipo_448,4-95-126,CONTENEDORES,CAMECO,15  TONS.,S-448,S/N,,SP,1977,,495126,VEHICULOS-TRANSPORTE
Equipo_449,4-95-127,CONTENEDORES,CAMECO,15  TONS.,S-449,S/N,,SP,1977,,495127,VEHICULOS-TRANSPORTE
Equipo_450,4-95-128,CONTENEDORES,CAMECO,15  TONS.,S-450,S/N,,SP,1977,,495128,VEHICULOS-TRANSPORTE
Equipo_451,4-95-129,CONTENEDORES,CAMECO,15  TONS.,S-451,S/N,,SP,1977,,495129,VEHICULOS-TRANSPORTE
Equipo_452,4-95-130,CONTENEDORES,CAMECO,15  TONS.,S-452,S/N,,SP,1977,,495130,VEHICULOS-TRANSPORTE
Equipo_453,4-95-131,CONTENEDORES,CAMECO,15  TONS.,S-453,S/N,,SP,1977,,495131,VEHICULOS-TRANSPORTE
Equipo_454,4-95-132,CONTENEDORES,CAMECO,15  TONS.,S-454,S/N,,SP,1977,,495132,VEHICULOS-TRANSPORTE
Equipo_455,4-95-146,CONTENEDORES,CAMECO,15  TONS.,S-455,S/N,,SP,1977,,495146,VEHICULOS-TRANSPORTE
Equipo_456,4-99-001,TANQUE CISTERNA,BUTLER,,S-456,S/N,,SP,,,499001,VEHICULOS-TRANSPORTE
Equipo_457,4-99-002,TANQUE CISTERNA,BUTLER,,S-457,S/N,,SP,,,499002,VEHICULOS-TRANSPORTE
Equipo_458,4-99-003,TANQUE CISTERNA,POLAR AMERICAN,,S-458,S/N,,SP,,,499003,VEHICULOS-TRANSPORTE
